City_ID,City,Country,Date,Lat,Lng,Max Temp,Humidity,Cloudiness,Wind Speed
0,East London,ZA,2020-04-01 23:55:23,-33.02,27.91,65.91,70,93,11.16
1,Hermanus,ZA,2020-04-01 23:55:23,-34.42,19.23,63.0,74,0,11.99
2,Saldanha,ZA,2020-04-01 23:55:23,-33.01,17.94,66.2,55,0,5.82
3,Ushuaia,AR,2020-04-01 23:55:23,-54.8,-68.3,55.4,54,75,5.99
4,Geraldton,AU,2020-04-01 23:55:24,-28.77,114.6,69.01,77,75,5.82
5,Rocha,UY,2020-04-01 23:52:26,-34.48,-54.33,67.41,94,95,8.5
6,Gander,CA,2020-04-01 23:55:24,48.97,-54.59,35.6,100,90,8.05
7,Taoudenni,ML,2020-04-01 23:55:24,22.68,-3.98,79.5,15,51,5.99
8,Harper,LR,2020-04-01 23:55:24,4.38,-7.72,81.43,85,100,7.05
9,Hiriyur,IN,2020-04-01 23:55:24,13.95,76.62,74.48,33,42,7.11
10,Sundumbili,ZA,2020-04-01 23:55:24,-29.13,31.4,64.4,82,90,11.41
11,Ponta Do Sol,PT,2020-04-01 23:55:24,32.67,-17.1,59.0,62,20,5.82
12,Jamestown,US,2020-04-01 23:55:24,42.1,-79.24,44.01,38,1,9.17
13,Olafsvik,IS,2020-04-01 23:55:24,64.89,-23.71,24.96,90,80,27.25
14,Vestmanna,FO,2020-04-01 23:55:24,62.16,-7.17,32.0,86,99,31.09
15,Fort Abbas,PK,2020-04-01 23:55:25,29.19,72.85,71.71,39,0,1.79
16,Bereda,ES,2020-04-01 23:55:25,43.27,-7.54,53.01,93,90,5.82
17,San Luis,AR,2020-04-01 23:50:30,-33.3,-66.34,60.8,67,92,9.22
18,Cape Town,ZA,2020-04-01 23:55:25,-33.93,18.42,66.0,70,0,5.01
19,Longyearbyen,SJ,2020-04-01 23:55:25,78.22,15.64,5.0,65,40,9.17
20,Areal,BR,2020-04-01 23:55:25,-22.23,-43.11,75.2,83,75,8.05
21,Mecca,SA,2020-04-01 23:55:25,21.43,39.83,75.47,55,0,2.37
22,Dikson,RU,2020-04-01 23:55:25,73.51,80.55,-6.84,91,98,17.74
23,Bredasdorp,ZA,2020-04-01 23:55:25,-34.53,20.04,63.0,67,1,14.99
24,Porto Santo,PT,2020-04-01 23:55:26,33.07,-16.34,59.0,67,40,3.36
25,Clyde River,CA,2020-04-01 23:55:26,70.47,-68.59,-5.8,76,20,16.11
26,Quatre Cocos,MU,2020-04-01 23:55:26,-20.21,57.76,77.0,94,75,2.24
27,Carnot,CF,2020-04-01 23:55:26,4.94,15.87,72.3,75,100,2.44
28,Rondonopolis,BR,2020-04-01 23:50:27,-16.47,-54.64,76.73,80,39,1.81
29,Desaguadero,PE,2020-04-01 23:55:26,-16.57,-69.04,50.4,24,94,7.58
30,Sinnamary,GF,2020-04-01 23:55:26,5.38,-52.95,78.58,84,58,12.26
31,Salalah,OM,2020-04-01 23:55:26,17.02,54.09,80.6,83,75,3.36
32,Atbasar,KZ,2020-04-01 23:55:26,51.8,68.33,37.27,89,100,15.46
33,Coquimbo,CL,2020-04-01 23:55:26,-29.95,-71.34,60.8,82,12,9.17
34,Mahon,ES,2020-04-01 23:55:27,39.89,4.27,57.2,93,95,4.7
35,Kasongo,CD,2020-04-01 23:55:27,-4.45,26.67,69.58,80,97,1.86
36,Arlit,NE,2020-04-01 23:55:27,18.74,7.39,83.93,11,0,8.14
37,Strangnas,SE,2020-04-01 23:55:27,59.38,17.03,43.0,82,57,11.41
38,Marsa Matruh,EG,2020-04-01 23:55:27,31.35,27.25,55.4,76,86,3.71
39,Puerto Carreno,CO,2020-04-01 23:51:01,6.19,-67.49,87.8,55,40,4.7
40,Talnakh,RU,2020-04-01 23:55:27,69.49,88.4,8.6,84,90,8.95
41,Phuntsholing,BT,2020-04-01 23:55:27,26.85,89.39,66.76,25,4,6.58
42,Torbay,CA,2020-04-01 23:55:27,47.67,-52.73,37.0,92,90,8.05
43,Cabedelo,BR,2020-04-01 23:55:27,-6.98,-34.83,78.8,94,26,4.7
44,Marfino,RU,2020-04-01 23:55:28,55.7,37.38,37.0,74,90,15.66
45,Codrington,AU,2020-04-01 23:55:28,-38.27,141.97,59.49,88,100,6.53
46,Jurm,AF,2020-04-01 23:55:28,36.86,70.83,37.26,35,89,5.44
47,Huarmey,PE,2020-04-01 23:55:28,-10.07,-78.15,75.52,74,89,5.95
48,Xuddur,SO,2020-04-01 23:55:28,4.12,43.89,77.83,65,23,12.91
49,Semirom,IR,2020-04-01 23:55:28,31.42,51.57,37.69,42,100,9.31
50,Ribeira Grande,PT,2020-04-01 23:55:28,38.52,-28.7,60.31,84,99,27.83
51,Kovdor,RU,2020-04-01 23:55:29,67.57,30.48,10.87,94,92,5.32
52,Ciudad Bolivar,VE,2020-04-01 23:55:16,8.12,-63.55,87.96,46,62,11.43
53,Mar Del Plata,AR,2020-04-01 23:52:12,-38.0,-57.56,68.0,88,90,6.93
54,Vila Velha,BR,2020-04-01 23:55:29,-20.33,-40.29,77.0,94,90,4.7
55,Iaciara,BR,2020-04-01 23:55:29,-14.1,-46.63,74.35,70,48,3.42
56,Thompson,CA,2020-04-01 23:55:29,55.74,-97.86,26.6,63,75,9.17
57,Chuy,UY,2020-04-01 23:55:29,-33.7,-53.46,69.8,89,98,14.72
58,Fereydunshahr,IR,2020-04-01 23:55:29,32.94,50.12,34.29,41,32,6.55
59,Kruisfontein,ZA,2020-04-01 23:55:29,-34.0,24.73,58.46,74,16,9.64
60,Belmonte,BR,2020-04-01 23:55:30,-15.86,-38.88,80.6,83,40,4.7
61,Hamilton,US,2020-04-01 23:50:30,39.18,-84.53,51.01,57,90,5.82
62,Nuuk,GL,2020-04-01 23:52:24,64.18,-51.72,12.2,56,0,13.87
63,Skelleftea,SE,2020-04-01 23:55:30,64.75,20.95,26.6,73,94,3.36
64,Vestmannaeyjar,IS,2020-04-01 23:55:30,63.44,-20.27,27.54,89,75,28.21
65,Santa Cruz De La Palma,ES,2020-04-01 23:55:30,28.68,-17.76,64.4,72,47,6.93
66,Victoria,HK,2020-04-01 23:55:31,22.29,114.16,69.01,82,40,18.34
67,Bud,US,2020-04-01 23:55:31,39.45,-86.18,53.01,57,90,4.7
68,Asosa,ET,2020-04-01 23:55:31,10.07,34.53,72.21,12,49,2.3
69,Saint Anthony,US,2020-04-01 23:51:49,45.02,-93.22,55.4,47,90,10.29
70,Berlevag,NO,2020-04-01 23:55:31,70.86,29.09,25.34,90,83,14.5
71,Canoa,DO,2020-04-01 23:55:31,18.36,-71.16,74.91,71,3,4.94
72,Hithadhoo,MV,2020-04-01 23:55:31,-0.6,73.08,83.61,71,59,7.09
73,Farafangana,MG,2020-04-01 23:55:31,-22.82,47.83,75.06,85,56,4.27
74,Lodwar,KE,2020-04-01 23:55:31,3.12,35.6,85.55,43,7,15.23
75,Sorland,NO,2020-04-01 23:55:32,67.67,12.69,32.65,86,96,26.51
76,Adrar,MR,2020-04-01 23:55:32,20.5,-10.07,84.42,21,92,8.41
77,Beisfjord,NO,2020-04-01 23:55:32,68.38,17.6,23.0,62,1,18.34
78,Busselton,AU,2020-04-01 23:53:47,-33.65,115.33,60.01,68,94,11.52
79,Tasiilaq,GL,2020-04-01 23:55:32,65.61,-37.64,15.8,52,2,3.36
80,Mwinilunga,ZM,2020-04-01 23:55:32,-11.74,24.43,64.38,65,98,4.21
81,La Macarena,CO,2020-04-01 23:55:32,2.18,-73.78,74.8,89,98,2.3
82,Saint-Philippe,RE,2020-04-01 23:55:32,-21.36,55.77,75.2,73,20,8.05
83,Fasa,IR,2020-04-01 23:55:32,28.94,53.65,48.2,93,56,0.92
84,Krechevitsy,RU,2020-04-01 23:55:32,58.62,31.4,30.0,95,93,9.17
85,Georgetown,MY,2020-04-01 23:55:33,5.41,100.34,80.6,94,20,3.36
86,Necochea,AR,2020-04-01 23:55:33,-38.55,-58.74,62.01,92,60,18.99
87,Bambous Virieux,MU,2020-04-01 23:55:33,-20.34,57.76,77.0,94,75,2.24
88,Bilma,NE,2020-04-01 23:55:33,18.69,12.92,85.51,14,18,8.05
89,Amsterdam,NL,2020-04-01 23:51:43,52.37,4.89,44.01,80,20,5.82
90,Saint-Francois,FR,2020-04-01 23:55:33,46.42,3.91,32.0,84,0,1.34
91,Touros,BR,2020-04-01 23:55:33,-5.2,-35.46,78.8,94,40,2.24
92,Luderitz,NA,2020-04-01 23:55:33,-26.65,15.16,62.6,59,0,5.82
93,Qaanaaq,GL,2020-04-01 23:55:34,77.48,-69.36,-7.01,80,100,8.01
94,Kirishi,RU,2020-04-01 23:55:34,59.45,32.02,30.0,69,49,7.11
95,Sete,FR,2020-04-01 23:55:34,43.4,3.7,52.0,87,90,4.7
96,Axim,GH,2020-04-01 23:55:34,4.87,-2.24,80.04,88,99,10.85
97,Reconquista,AR,2020-04-01 23:55:34,-29.15,-59.65,75.34,88,86,8.63
98,Karaton,ID,2020-04-01 23:55:34,-6.34,106.1,78.8,88,40,6.93
99,Riyadh,SA,2020-04-01 23:55:34,24.69,46.72,78.8,19,20,9.17
100,Comodoro Rivadavia,AR,2020-04-01 23:54:55,-45.87,-67.5,59.0,58,0,2.24
101,Sao Joao Da Barra,BR,2020-04-01 23:55:35,-21.64,-41.05,75.99,88,33,11.07
102,Namibe,AO,2020-04-01 23:55:35,-15.2,12.15,75.67,66,0,5.88
103,Port Alfred,ZA,2020-04-01 23:55:35,-33.59,26.89,63.0,88,94,3.0
104,Takoradi,GH,2020-04-01 23:55:35,4.88,-1.76,80.13,88,97,11.39
105,Peniche,PT,2020-04-01 23:55:35,39.36,-9.38,46.99,93,75,2.24
106,Acarau,BR,2020-04-01 23:55:35,-2.89,-40.12,77.77,89,100,7.36
107,Antofagasta,CL,2020-04-01 23:55:35,-23.65,-70.4,64.4,72,40,6.93
108,Shache,CN,2020-04-01 23:55:35,38.42,77.24,46.51,29,86,4.94
109,Sinjar,IQ,2020-04-01 23:55:35,36.32,41.88,52.32,73,9,13.98
110,Grand Gaube,MU,2020-04-01 23:55:35,-20.01,57.66,77.0,94,75,2.24
111,Souillac,MU,2020-04-01 23:55:35,-20.52,57.52,77.0,94,75,2.24
112,Trincomalee,LK,2020-04-01 23:55:36,8.57,81.23,75.85,81,0,3.8
113,Arraial Do Cabo,BR,2020-04-01 23:54:59,-22.97,-42.03,77.05,81,77,15.3
114,Horodnytsya,UA,2020-04-01 23:55:36,50.81,27.32,31.17,85,54,8.28
115,Mitsamiouli,KM,2020-04-01 23:55:36,-11.38,43.28,83.17,73,72,15.57
116,Carnarvon,AU,2020-04-01 23:55:36,-24.87,113.63,68.0,88,40,9.17
117,Lebu,CL,2020-04-01 23:55:36,-37.62,-73.65,58.06,71,0,19.33
118,Port Elizabeth,ZA,2020-04-01 23:55:36,-33.92,25.57,55.4,93,73,2.24
119,Karatau,KZ,2020-04-01 23:55:36,43.17,70.47,50.56,62,100,10.78
120,Asfi,MA,2020-04-01 23:55:36,32.3,-9.24,57.79,66,54,5.61
121,Chintamani,IN,2020-04-01 23:55:36,13.4,78.07,69.8,73,36,2.24
122,Saint George,US,2020-04-01 23:55:37,37.1,-113.58,72.0,26,1,15.57
123,Uthal,PK,2020-04-01 23:55:37,25.81,66.62,75.06,58,0,2.35
124,Bombay,IN,2020-04-01 23:53:22,19.01,72.85,78.8,83,0,3.36
125,Kindu,CD,2020-04-01 23:55:37,-2.95,25.95,72.48,79,38,1.41
126,Batticaloa,LK,2020-04-01 23:55:37,7.71,81.69,75.13,78,3,1.54
127,Hobyo,SO,2020-04-01 23:55:37,5.35,48.53,81.73,80,51,11.56
128,Bentiu,SS,2020-04-01 23:55:37,9.23,29.83,80.76,14,7,3.0
129,Gurupi,BR,2020-04-01 23:54:41,-11.73,-49.07,76.08,82,40,2.71
130,Umm Kaddadah,SD,2020-04-01 23:55:37,13.6,26.69,80.06,14,4,10.49
131,Ongandjera,NA,2020-04-01 23:55:37,-17.88,15.07,74.57,30,0,5.3
132,Padron,ES,2020-04-01 23:55:37,42.74,-8.66,55.0,93,75,9.17
133,Wum,CM,2020-04-01 23:55:38,6.38,10.07,68.76,64,99,4.43
134,Tabriz,IR,2020-04-01 23:53:26,38.08,46.29,44.6,87,90,4.7
135,Isaka,TZ,2020-04-01 23:55:38,-3.9,32.93,65.14,66,68,1.77
136,San Andres,CO,2020-04-01 23:53:02,12.58,-81.7,82.4,65,20,4.7
137,Langen,DE,2020-04-01 23:55:38,49.99,8.67,41.0,60,0,2.24
138,Ponta Delgada,PT,2020-04-01 23:55:38,37.73,-25.67,57.2,93,75,21.92
139,Atar,MR,2020-04-01 23:55:38,20.52,-13.05,84.74,19,91,5.17
140,Katerero,TZ,2020-04-01 23:55:38,-1.4,31.73,68.43,56,9,5.57
141,Cidreira,BR,2020-04-01 23:55:38,-30.18,-50.21,73.63,88,50,16.31
142,Chaves,US,2020-04-01 23:55:39,33.38,-104.45,86.0,9,1,20.8
143,Gamba,GA,2020-04-01 23:55:39,-2.65,10.0,76.24,85,99,3.67
144,Balkhash,KZ,2020-04-01 23:55:39,46.84,74.98,42.49,54,97,6.35
145,Vila Franca Do Campo,PT,2020-04-01 23:55:39,37.72,-25.43,57.2,93,75,21.92
146,Kavaratti,IN,2020-04-01 23:55:39,10.57,72.64,82.99,71,60,3.53
147,Jesup,US,2020-04-01 23:55:39,31.61,-81.89,66.2,45,1,3.36
148,Deolali,IN,2020-04-01 23:55:39,19.95,73.83,72.03,32,0,1.79
149,Cherepanovo,RU,2020-04-01 23:55:39,54.22,83.38,27.27,94,0,9.13
150,Saint-Georges,GD,2020-04-01 23:55:39,12.06,-61.75,78.8,74,20,11.41
151,San Lorenzo,PY,2020-04-01 23:55:40,-25.33,-57.53,86.0,55,37,1.63
152,Upernavik,GL,2020-04-01 23:55:40,72.79,-56.15,-9.65,85,0,8.01
153,Narsaq,GL,2020-04-01 23:55:40,60.92,-46.05,30.2,68,86,3.36
154,Mount Pleasant,US,2020-04-01 23:52:15,32.79,-79.86,59.0,58,20,9.28
155,Muros,ES,2020-04-01 23:55:40,42.78,-9.06,55.0,93,75,9.17
156,Carutapera,BR,2020-04-01 23:55:40,-1.2,-46.02,77.99,92,100,14.25
157,Talcahuano,CL,2020-04-01 23:55:30,-36.72,-73.12,64.4,55,0,11.41
158,Amapa,BR,2020-04-01 23:55:40,1.0,-52.0,74.71,93,100,3.76
159,Nouadhibou,MR,2020-04-01 23:55:40,20.93,-17.03,66.2,88,100,13.87
160,Ostrovnoy,RU,2020-04-01 23:55:40,68.05,39.51,20.75,96,91,9.15
161,Tombouctou,ML,2020-04-01 23:55:40,20.0,-3.0,78.71,14,85,5.75
162,Bogorodskoye,RU,2020-04-01 23:55:41,56.55,37.88,32.02,90,95,12.41
163,Sao Filipe,CV,2020-04-01 23:55:41,14.9,-24.5,75.13,72,60,9.78
164,Venice,US,2020-04-01 23:55:41,27.1,-82.45,71.01,52,1,9.17
165,Dhanaura,IN,2020-04-01 23:55:41,28.97,78.25,67.87,43,0,7.54
166,Konin,PL,2020-04-01 23:55:41,52.22,18.25,39.0,60,15,9.82
167,Tabas,IR,2020-04-01 23:55:41,33.6,56.92,64.26,25,44,5.41
168,Khash,IR,2020-04-01 23:55:41,28.22,61.22,57.67,26,15,2.66
169,Lugovoy,KZ,2020-04-01 23:55:41,42.95,72.76,48.34,67,100,6.96
170,Roald,NO,2020-04-01 23:55:42,62.58,6.13,39.2,85,90,18.34
171,Houma,US,2020-04-01 23:55:42,29.6,-90.72,73.4,59,1,6.93
172,Hit,IQ,2020-04-01 23:55:42,33.64,42.83,64.72,49,1,12.5
173,Puerto Narino,CO,2020-04-01 23:55:42,-3.77,-70.38,77.0,100,75,1.52
174,Camacha,PT,2020-04-01 23:55:42,33.08,-16.33,59.0,67,40,3.36
175,Wattegama,LK,2020-04-01 23:55:21,6.8,81.48,68.99,82,0,3.06
176,Hofn,IS,2020-04-01 23:54:21,64.25,-15.21,26.38,80,23,15.48
177,Chapais,CA,2020-04-01 23:55:42,49.78,-74.85,32.0,86,90,6.93
178,Korla,CN,2020-04-01 23:55:42,41.76,86.15,44.28,34,95,9.84
179,Keflavik,IS,2020-04-01 23:55:42,64.0,-22.56,24.8,68,75,23.04
180,Aden,YE,2020-04-01 23:54:43,12.78,45.04,80.69,79,1,15.21
181,Kutum,SD,2020-04-01 23:55:43,14.2,24.67,70.75,14,54,5.46
182,Thinadhoo,MV,2020-04-01 23:55:43,0.53,72.93,82.74,76,15,3.49
183,Morristown,US,2020-04-01 23:55:43,36.21,-83.29,51.8,57,90,4.7
184,Kolondieba,ML,2020-04-01 23:55:43,11.09,-6.89,86.59,15,6,2.46
185,Constantine,DZ,2020-04-01 23:55:43,36.37,6.61,51.8,81,40,10.29
186,Cajabamba,PE,2020-04-01 23:55:43,-7.62,-78.05,57.92,38,80,1.5
187,Kataysk,RU,2020-04-01 23:55:43,56.29,62.58,35.24,85,100,10.29
188,Itarema,BR,2020-04-01 23:55:44,-2.92,-39.92,78.31,88,100,8.61
189,Skibbereen,IE,2020-04-01 23:55:44,51.55,-9.27,42.8,81,40,12.75
190,Mufulira,ZM,2020-04-01 23:55:44,-12.55,28.24,59.41,61,6,4.0
191,Lubumbashi,CD,2020-04-01 23:55:44,-11.66,27.48,63.46,67,92,4.54
192,Mangan,IN,2020-04-01 23:55:44,27.52,88.53,57.97,25,11,7.02
193,Saint-Augustin,CA,2020-04-01 23:55:44,51.23,-58.65,36.54,95,100,16.73
194,Mehamn,NO,2020-04-01 23:55:44,71.04,27.85,22.66,89,89,10.4
195,Manoel Urbano,BR,2020-04-01 23:55:44,-8.84,-69.26,77.72,80,80,0.76
196,Arvika,SE,2020-04-01 23:55:44,59.66,12.59,39.99,80,1,10.29
197,Grindavik,IS,2020-04-01 23:55:44,63.84,-22.43,24.8,68,75,23.04
198,Sayyan,YE,2020-04-01 23:55:45,15.17,44.32,60.13,36,40,0.31
199,Mogadishu,SO,2020-04-01 23:55:45,2.04,45.34,82.49,79,76,12.26
200,Metsavan,AM,2020-04-01 23:55:45,41.2,44.23,41.0,86,90,6.93
201,Geneva,US,2020-04-01 23:52:23,41.89,-88.31,54.0,57,1,10.29
202,Vardo,NO,2020-04-01 23:55:45,70.37,31.11,28.96,89,97,14.74
203,Falun,SE,2020-04-01 23:55:45,60.6,15.63,41.0,65,37,11.41
204,Omboue,GA,2020-04-01 23:55:45,-1.57,9.26,77.54,90,100,4.61
205,Varzea Da Palma,BR,2020-04-01 23:54:39,-17.6,-44.73,72.86,66,7,2.91
206,Xapuri,BR,2020-04-01 23:55:45,-10.65,-68.5,80.46,68,63,1.77
207,Samfya,ZM,2020-04-01 23:55:45,-11.36,29.56,62.69,58,89,5.5
208,Bridlington,GB,2020-04-01 23:55:45,54.08,-0.19,44.6,87,47,8.05
209,Salto,UY,2020-04-01 23:55:46,-31.38,-57.97,71.35,88,46,6.33
210,Nouakchott,MR,2020-04-01 23:55:46,18.09,-15.98,73.4,73,86,13.87
211,Abu Samrah,SY,2020-04-01 23:55:46,35.3,37.18,52.57,77,19,14.16
212,Schaffhausen,CH,2020-04-01 23:55:46,47.7,8.63,34.0,79,0,1.12
213,Qaqortoq,GL,2020-04-01 23:55:46,60.72,-46.03,30.2,68,89,3.36
214,Nivala,FI,2020-04-01 23:55:46,63.92,24.97,18.0,85,34,5.01
215,Minudasht,IR,2020-04-01 23:55:46,37.23,55.37,69.8,40,91,9.17
216,Haputale,LK,2020-04-01 23:55:47,6.77,80.96,54.79,45,1,1.74
217,Itaueira,BR,2020-04-01 23:55:47,-7.6,-43.03,75.97,77,79,4.27
218,Sal Rei,CV,2020-04-01 23:55:47,16.18,-22.92,71.6,83,75,11.41
219,Moose Factory,CA,2020-04-01 23:55:47,51.26,-80.61,35.6,59,1,11.41
220,Chimbote,PE,2020-04-01 23:54:43,-9.09,-78.58,76.1,72,95,5.75
221,Beloha,MG,2020-04-01 23:55:47,-25.17,45.05,69.78,84,60,10.25
222,Jaisalmer,IN,2020-04-01 23:55:47,26.91,70.92,76.68,34,0,4.79
223,Ginir,ET,2020-04-01 23:55:47,7.13,40.7,60.17,52,17,3.06
224,Aquiraz,BR,2020-04-01 23:55:47,-3.9,-38.39,82.4,78,20,6.93
225,Oranjemund,NA,2020-04-01 23:55:48,-28.55,16.43,61.83,65,0,6.76
226,Klaksvik,FO,2020-04-01 23:55:48,62.23,-6.59,32.0,84,92,31.09
227,Kologriv,RU,2020-04-01 23:55:48,58.83,44.32,26.98,97,96,6.87
228,Kaabong,UG,2020-04-01 23:55:48,3.48,34.15,69.44,47,0,9.01
229,Shihezi,CN,2020-04-01 23:55:48,44.3,86.03,43.09,45,0,4.34
230,Caravelas,BR,2020-04-01 23:55:48,-17.71,-39.25,78.85,84,6,10.22
231,Walvis Bay,NA,2020-04-01 23:55:48,-22.96,14.51,59.0,94,0,1.99
232,Sisimiut,GL,2020-04-01 23:55:48,66.94,-53.67,0.7,81,17,10.63
233,Punta Arenas,CL,2020-04-01 23:55:48,-53.15,-70.92,53.6,66,100,16.11
234,Maun,BW,2020-04-01 23:55:49,-19.98,23.42,77.0,69,75,3.36
235,Husavik,IS,2020-04-01 23:55:49,66.04,-17.34,26.6,53,75,4.7
236,Terekli-Mekteb,RU,2020-04-01 23:55:49,44.17,45.87,50.95,60,100,13.13
237,Ilulissat,GL,2020-04-01 23:55:49,69.22,-51.1,-0.4,40,3,3.36
238,Santa Maria,BR,2020-04-01 23:55:49,-29.68,-53.81,80.6,65,38,2.24
239,Laguna,US,2020-04-01 23:51:32,38.42,-121.42,68.0,22,1,10.29
240,Fonte Boa,BR,2020-04-01 23:55:49,-2.5,-66.27,73.26,95,97,0.78
241,Viedma,AR,2020-04-01 23:55:49,-40.81,-63.0,60.96,67,0,7.47
242,Maltahohe,NA,2020-04-01 23:55:49,-24.83,16.98,70.11,32,11,10.71
243,Marawi,PH,2020-04-01 23:55:49,8.0,124.29,76.75,53,11,2.06
244,Rincon,US,2020-04-01 23:51:48,32.3,-81.24,64.4,51,75,5.82
245,Sovetsk,RU,2020-04-01 23:55:50,55.08,21.88,39.85,88,100,15.99
246,Rio Grande,BR,2020-04-01 23:52:31,-32.03,-52.1,72.27,85,85,14.36
247,Bokoro,TD,2020-04-01 23:55:50,12.38,17.06,89.31,12,74,8.68
248,Maldonado,UY,2020-04-01 23:55:50,-34.67,-54.92,69.8,88,75,13.87
249,Sechura,PE,2020-04-01 23:55:50,-5.56,-80.82,76.84,71,65,11.05
250,Douala,CM,2020-04-01 23:55:18,4.05,9.7,75.2,94,75,3.74
251,Bayonet Point,US,2020-04-01 23:55:50,28.33,-82.68,69.01,59,1,10.29
252,Florianopolis,BR,2020-04-01 23:55:50,-27.61,-48.5,79.0,73,75,6.93
253,Zonguldak,TR,2020-04-01 23:55:51,41.25,31.83,41.43,80,98,3.4
254,Kalmunai,LK,2020-04-01 23:55:51,7.42,81.82,77.38,73,3,2.26
255,Buritizeiro,BR,2020-04-01 23:55:51,-17.35,-44.96,72.91,70,25,1.36
256,Kautokeino,NO,2020-04-01 23:55:51,69.01,23.04,4.96,91,41,3.67
257,Binghamton,US,2020-04-01 23:55:51,42.1,-75.92,42.01,48,1,13.87
258,Timmins,CA,2020-04-01 23:55:51,48.47,-81.33,46.4,36,40,9.17
259,Maceio,BR,2020-04-01 23:55:51,-9.67,-35.74,78.8,88,20,3.36
260,Tisul,RU,2020-04-01 23:55:51,55.76,88.31,33.22,76,4,3.62
261,Sayat,TM,2020-04-01 23:55:52,38.78,63.88,53.6,81,41,9.17
262,Puerto Cabezas,NI,2020-04-01 23:55:52,14.04,-83.39,84.2,83,40,4.7
263,Antalaha,MG,2020-04-01 23:55:52,-14.9,50.28,78.08,85,39,10.09
264,Port Blair,IN,2020-04-01 23:55:52,11.67,92.75,80.74,72,37,4.29
265,Leh,IN,2020-04-01 23:55:52,34.17,77.58,12.9,32,98,5.97
266,Canakkale,TR,2020-04-01 23:55:52,40.08,26.83,48.2,76,40,17.22
267,Illapel,CL,2020-04-01 23:55:52,-31.63,-71.17,62.47,55,27,3.8
268,Umm Lajj,SA,2020-04-01 23:55:52,25.02,37.27,73.02,37,0,7.63
269,Mbaiki,CF,2020-04-01 23:55:52,3.87,17.99,72.45,81,99,2.06
270,Tarko-Sale,RU,2020-04-01 23:55:52,64.92,77.78,23.0,89,100,24.47
271,Buta,CD,2020-04-01 23:55:52,2.79,24.73,70.54,85,100,1.72
272,Iberia,US,2020-04-01 23:55:53,29.95,-91.75,73.99,46,1,9.17
273,Shieli,KZ,2020-04-01 23:55:53,44.17,66.75,50.94,65,51,9.44
274,Timra,SE,2020-04-01 23:55:53,62.49,17.33,37.0,92,95,2.24
275,Yagoua,CM,2020-04-01 23:55:53,10.34,15.23,83.44,14,56,3.71
276,Aranda De Duero,ES,2020-04-01 23:55:53,41.67,-3.69,42.84,66,85,2.59
277,Malakal,SS,2020-04-01 23:55:53,9.53,31.66,83.62,13,20,2.13
278,Port Saint John,US,2020-04-01 23:55:53,28.48,-80.79,72.0,46,1,14.99
279,Quthing,LS,2020-04-01 23:55:53,-30.4,27.7,51.49,46,5,4.99
280,Oxford,GB,2020-04-01 23:55:54,51.75,-1.26,45.0,75,90,3.36
281,North Vernon,US,2020-04-01 23:54:59,39.01,-85.62,52.0,61,90,5.01
282,Ajaccio,FR,2020-04-01 23:55:54,42.0,8.92,44.6,81,90,5.82
283,Teya,RU,2020-04-01 23:55:54,60.38,92.63,30.56,92,99,4.25
284,Kolyvan,RU,2020-04-01 23:55:54,55.31,82.74,30.2,58,12,4.47
285,Chongoyape,PE,2020-04-01 23:55:54,-6.64,-79.39,81.1,52,83,3.11
286,La Palma,US,2020-04-01 23:55:54,33.85,-118.05,75.0,52,1,9.17
287,Tazovskiy,RU,2020-04-01 23:55:54,67.47,78.7,9.59,96,86,16.73
288,Llanelli,GB,2020-04-01 23:55:54,51.68,-4.16,45.0,75,26,8.05
289,Porto Novo,BJ,2020-04-01 23:55:55,6.5,2.6,80.6,83,40,6.93
290,Aras,ES,2020-04-01 23:55:55,42.56,-2.36,48.2,93,75,2.24
291,Abu Dhabi,AE,2020-04-01 23:55:55,24.47,54.37,73.99,88,0,4.7
292,Plakhtiyivka,UA,2020-04-01 23:55:55,46.1,29.72,34.54,74,86,4.99
293,Dire,ML,2020-04-01 23:55:55,12.28,-10.97,91.65,16,81,1.72
294,Nakasongola,UG,2020-04-01 23:55:55,1.31,32.46,67.35,66,0,4.14
295,Taltal,CL,2020-04-01 23:55:55,-25.4,-70.48,64.76,73,36,3.98
296,Lima,PE,2020-04-01 23:52:25,-12.04,-77.03,75.2,73,100,9.17
297,Dalvik,IS,2020-04-01 23:55:55,65.97,-18.53,26.6,53,75,4.7
298,Kabo,CF,2020-04-01 23:55:56,7.7,18.63,80.26,37,54,3.71
299,Aubenas,FR,2020-04-01 23:55:56,44.62,4.39,46.99,75,20,2.04
300,Temirgoyevskaya,RU,2020-04-01 23:55:56,45.11,40.28,40.95,59,100,10.47
301,Acari,PE,2020-04-01 23:55:56,-15.43,-74.62,74.48,65,97,2.59
302,Kayes,ML,2020-04-01 23:55:56,14.0,-11.0,91.29,15,0,9.82
303,Mayumba,GA,2020-04-01 23:55:56,-3.43,10.66,76.96,84,100,4.05
304,Nyzy,UA,2020-04-01 23:55:56,50.78,34.78,32.34,84,7,9.17
305,Jalu,LY,2020-04-01 23:55:56,29.03,21.55,62.22,39,0,5.41
306,Johnstown,US,2020-04-01 23:54:18,40.33,-78.92,52.0,49,20,11.41
307,Black River,JM,2020-04-01 23:55:56,18.03,-77.85,82.4,69,40,6.93
308,Lethem,GY,2020-04-01 23:55:56,3.38,-59.8,87.13,49,89,9.73
309,Masakin,TN,2020-04-01 23:55:57,35.73,10.58,59.0,82,20,8.05
310,Caceres,ES,2020-04-01 23:55:57,39.52,-6.37,44.01,92,82,3.0
311,Shrigonda,IN,2020-04-01 23:55:57,18.62,74.68,78.53,25,0,8.21
312,Iqaluit,CA,2020-04-01 23:55:57,63.75,-68.51,1.4,64,20,1.28
313,Mbandaka,CD,2020-04-01 23:55:57,0.05,18.26,72.28,85,33,2.53
314,Westport,US,2020-04-01 23:53:42,41.14,-73.36,53.01,61,90,6.93
315,Parabel,RU,2020-04-01 23:55:57,58.7,81.48,28.2,93,59,10.98
316,Saint-Pierre,RE,2020-04-01 23:55:57,-21.34,55.48,75.2,73,20,8.05
317,Barbosa Ferraz,BR,2020-04-01 23:55:57,-24.03,-52.01,72.99,68,0,1.86
318,Castro,BR,2020-04-01 23:55:32,-24.79,-50.01,64.99,66,21,3.11
319,Mizan Teferi,ET,2020-04-01 23:55:58,6.98,35.58,65.48,59,57,4.09
320,Yar-Sale,RU,2020-04-01 23:55:58,66.83,70.83,22.6,97,100,26.8
321,Kokomo,US,2020-04-01 23:55:58,40.49,-86.13,53.01,62,90,5.82
322,Tazmalt,DZ,2020-04-01 23:55:58,36.39,4.4,59.0,93,40,2.24
323,Minas,UY,2020-04-01 23:55:58,-34.38,-55.24,69.8,88,75,13.87
324,Qunduz,AF,2020-04-01 23:55:58,36.73,68.86,49.75,56,0,3.2
325,Lyngseidet,NO,2020-04-01 23:55:58,69.58,20.22,17.6,78,31,4.7
326,Tupancireta,BR,2020-04-01 23:55:58,-29.08,-53.84,71.58,68,56,4.63
327,Corn Island,NI,2020-04-01 23:55:59,12.17,-83.04,79.83,68,4,10.92
328,Campoverde,PE,2020-04-01 23:55:59,-8.48,-74.81,70.7,91,100,1.48
329,Chingirlau,KZ,2020-04-01 23:55:59,51.09,54.08,34.34,82,14,11.48
330,Kozhevnikovo,RU,2020-04-01 23:55:59,56.26,83.97,30.99,71,1,1.01
331,Nanortalik,GL,2020-04-01 23:55:59,60.14,-45.24,31.01,91,92,3.98
332,Old Orchard Beach,US,2020-04-01 23:53:06,43.52,-70.38,44.6,56,90,13.87
333,Mozarlandia,BR,2020-04-01 23:55:59,-14.74,-50.57,77.79,71,52,3.56
334,Visby,SE,2020-04-01 23:55:59,57.64,18.3,43.0,80,87,13.87
335,Micheweni,TZ,2020-04-01 23:55:59,-4.97,39.83,84.69,74,53,7.47
336,Bimbo,CF,2020-04-01 23:55:59,4.26,18.42,76.35,74,62,3.42
337,Tabou,CI,2020-04-01 23:56:00,4.42,-7.35,80.91,87,100,6.64
338,Beachwood,US,2020-04-01 23:56:00,41.46,-81.51,46.99,48,5,6.93
339,Stornoway,GB,2020-04-01 23:56:00,58.21,-6.39,46.0,75,35,14.99
340,Bay Roberts,CA,2020-04-01 23:56:00,47.6,-53.26,37.0,92,90,8.05
341,Mahebourg,MU,2020-04-01 23:56:00,-20.41,57.7,77.0,94,75,2.24
342,Hearst,CA,2020-04-01 23:56:00,49.68,-83.67,30.52,93,100,5.03
343,Plettenberg Bay,ZA,2020-04-01 23:56:00,-34.05,23.37,60.85,75,0,7.27
344,Cayenne,GF,2020-04-01 23:56:00,4.93,-52.33,77.0,100,75,6.93
345,Paamiut,GL,2020-04-01 23:56:01,61.99,-49.67,18.36,88,35,17.69
346,Bengkulu,ID,2020-04-01 23:56:01,-3.8,102.27,78.37,80,50,4.29
347,Pocinhos,BR,2020-04-01 23:56:01,-7.08,-36.06,70.27,81,56,9.48
348,Zavodouspenskoye,RU,2020-04-01 23:56:01,56.86,65.02,37.4,93,75,4.47
349,Paso De Patria,AR,2020-04-01 23:56:01,-27.25,-58.55,82.99,83,81,3.36
350,Telemaco Borba,BR,2020-04-01 23:51:42,-24.32,-50.62,68.4,64,29,0.98
351,Don Benito,ES,2020-04-01 23:56:01,38.96,-5.86,48.99,90,68,7.0
352,Port Hawkesbury,CA,2020-04-01 23:56:01,45.62,-61.35,39.0,100,90,11.41
353,Veraval,IN,2020-04-01 23:56:01,20.9,70.37,75.24,62,3,9.86
354,Zlitan,LY,2020-04-01 23:51:47,32.47,14.57,64.36,52,0,9.78
355,Shakiso,ET,2020-04-01 23:56:02,5.75,38.92,59.25,58,20,3.09
356,Prainha,BR,2020-04-01 23:56:02,-1.8,-53.48,76.66,95,100,1.28
357,Owensboro,US,2020-04-01 23:56:02,37.77,-87.11,55.99,47,90,4.7
358,Pozo Colorado,PY,2020-04-01 23:56:02,-23.49,-58.8,84.13,46,68,1.57
359,Bani Walid,LY,2020-04-01 23:56:02,31.76,13.99,62.35,31,0,5.61
360,Mabamba,TZ,2020-04-01 23:56:02,-3.6,30.5,61.48,64,71,2.1
361,Ilo,PE,2020-04-01 23:56:02,-17.64,-71.34,72.64,77,34,6.89
362,Antigonish,CA,2020-04-01 23:56:03,45.62,-62.0,39.99,100,90,11.41
363,Puerto Escondido,MX,2020-04-01 23:56:03,15.85,-97.07,84.2,83,75,6.08
364,Mehkar,IN,2020-04-01 23:56:03,20.15,76.57,78.67,24,0,7.29
365,Kortkeros,RU,2020-04-01 23:56:03,61.81,51.58,14.0,85,46,4.47
366,Birao,CF,2020-04-01 23:56:03,10.28,22.79,82.31,13,82,5.28
367,Gonaives,HT,2020-04-01 23:56:03,19.45,-72.68,77.95,69,13,3.74
368,Itaobim,BR,2020-04-01 23:56:03,-16.57,-41.83,72.57,77,4,3.4
369,Bonthe,SL,2020-04-01 23:56:03,7.53,-12.51,81.3,85,7,5.66
370,Havre-Saint-Pierre,CA,2020-04-01 23:56:03,50.23,-63.6,37.4,100,90,10.29
371,Opuwo,NA,2020-04-01 23:56:04,-18.06,13.84,68.67,33,0,0.98
372,Tveit,NO,2020-04-01 23:56:04,58.23,8.12,42.01,73,19,9.17
373,Matara,LK,2020-04-01 23:56:04,5.95,80.54,71.96,85,53,7.16
374,Lagoa Formosa,BR,2020-04-01 23:56:04,-18.78,-46.41,72.0,100,87,0.74
375,Abancay,PE,2020-04-01 23:56:04,-13.63,-72.88,58.1,36,69,2.66
376,Bahia Honda,CU,2020-04-01 23:56:04,22.9,-83.16,76.06,82,32,10.18
377,Muisne,EC,2020-04-01 23:56:04,0.6,-80.03,82.4,83,75,3.36
378,Kaura Namoda,NG,2020-04-01 23:56:04,12.59,6.58,83.48,18,94,3.13
379,Blyth,GB,2020-04-01 23:56:04,55.13,-1.51,46.4,81,5,13.87
380,Nizhniy Chir,RU,2020-04-01 23:56:05,48.36,43.09,32.11,79,1,5.77
381,Kattivakkam,IN,2020-04-01 23:56:05,13.22,80.32,81.0,88,0,5.82
382,Wilmington Island,US,2020-04-01 23:51:20,32.0,-80.97,64.4,42,75,11.41
383,Luanda,AO,2020-04-01 23:56:05,-8.84,13.23,78.8,83,40,8.05
384,Pitimbu,BR,2020-04-01 23:56:05,-7.47,-34.81,78.8,94,5,4.7
385,Khorixas,NA,2020-04-01 23:56:05,-20.37,14.97,71.76,32,0,2.3
386,Paragominas,BR,2020-04-01 23:56:05,-2.97,-47.48,74.14,94,100,3.51
387,Jacqueville,CI,2020-04-01 23:56:05,5.21,-4.41,77.0,94,75,3.36
388,Temirtau,KZ,2020-04-01 23:56:05,50.05,72.95,42.8,93,99,11.18
389,Moravska Trebova,CZ,2020-04-01 23:56:06,49.76,16.66,34.0,47,0,5.82
390,Mana,GF,2020-04-01 23:55:04,5.66,-53.78,76.48,85,59,8.12
391,Ambilobe,MG,2020-04-01 23:56:06,-13.2,49.05,75.38,91,60,2.08
392,Boden,SE,2020-04-01 23:56:06,65.83,21.69,15.8,85,57,2.24
393,Alta Floresta,BR,2020-04-01 23:56:06,-9.88,-56.09,75.58,86,100,1.45
394,Yevlax,AZ,2020-04-01 23:56:06,40.61,47.15,51.8,76,90,11.41
395,Lagoa,PT,2020-04-01 23:56:06,39.05,-27.98,57.96,83,100,31.94
396,La Rioja,ES,2020-04-01 23:56:06,42.25,-2.5,48.2,93,75,2.24
397,Laje,BR,2020-04-01 23:56:06,-10.18,-40.97,72.77,65,83,7.36
398,Dingle,PH,2020-04-01 23:56:06,11.0,122.67,80.8,77,80,12.86
399,Ihosy,MG,2020-04-01 23:56:07,-22.4,46.12,65.53,73,51,5.48
400,Kangaatsiaq,GL,2020-04-01 23:56:07,68.31,-53.46,5.65,85,75,9.82
401,Schwarzenbek,DE,2020-04-01 23:56:07,53.5,10.48,42.8,81,40,9.17
402,Salamanca,ES,2020-04-01 23:56:07,40.83,-6.0,39.2,86,3,1.32
403,Berzovia,RO,2020-04-01 23:56:07,45.43,21.63,37.4,69,69,3.36
404,Pisco,PE,2020-04-01 23:56:07,-13.7,-76.22,73.0,30,40,13.87
405,Sovetskiy,RU,2020-04-01 23:56:07,61.36,63.58,29.08,93,100,9.57
406,Ferme-Neuve,CA,2020-04-01 23:56:07,46.7,-75.45,33.84,86,99,4.14
407,Gat,IL,2020-04-01 23:56:07,31.61,34.76,57.2,82,40,3.36
408,Butterworth,MY,2020-04-01 23:56:08,5.4,100.36,80.6,94,20,3.36
409,Usinsk,RU,2020-04-01 23:56:08,65.99,57.53,20.62,97,100,4.16
410,Nizhniy Odes,RU,2020-04-01 23:56:08,63.64,54.86,17.76,95,100,8.81
411,Manati,PR,2020-04-01 23:56:08,18.43,-66.49,82.4,74,40,5.82
412,Faya,SA,2020-04-01 23:56:08,18.39,42.45,62.6,72,3,0.47
413,Mahajanga,MG,2020-04-01 23:56:08,-15.72,46.32,78.8,88,20,3.36
414,Paita,PE,2020-04-01 23:56:08,-5.09,-81.11,76.06,73,65,10.67
415,Pedernales,DO,2020-04-01 23:56:08,18.04,-71.74,76.82,67,15,2.37
416,Birur,IN,2020-04-01 23:56:08,13.62,75.97,71.96,36,68,2.17
417,Ginda,IN,2020-04-01 23:56:08,30.69,78.49,41.43,30,1,7.36
418,Brunico,IT,2020-04-01 23:56:09,46.8,11.94,32.0,66,11,1.12
419,Cabo Rojo,PR,2020-04-01 23:56:09,18.09,-67.15,80.01,72,40,5.82
420,Abu Zabad,SD,2020-04-01 23:56:09,12.35,29.25,80.33,13,11,7.87
421,Bathsheba,BB,2020-04-01 23:56:09,13.22,-59.52,78.8,74,20,16.11
422,Vredendal,ZA,2020-04-01 23:56:09,-31.67,18.5,65.01,40,0,5.3
423,Bara,NG,2020-04-01 23:56:09,10.37,10.73,86.81,36,81,8.1
424,Andijon,UZ,2020-04-01 23:56:09,40.78,72.34,51.8,87,90,8.95
425,Pocone,BR,2020-04-01 23:56:09,-16.26,-56.62,80.26,72,64,1.86
426,Murdochville,CA,2020-04-01 23:56:10,48.96,-65.5,30.96,84,100,1.79
427,Asilah,MA,2020-04-01 23:56:10,35.47,-6.03,57.2,76,75,8.05
428,Kasongo-Lunda,CD,2020-04-01 23:56:10,-6.47,16.82,73.18,79,76,2.51
429,Danville,US,2020-04-01 23:53:43,36.59,-79.39,54.0,54,90,11.41
430,Tornio,FI,2020-04-01 23:56:10,65.85,24.15,6.8,84,0,2.24
431,Kaliua,TZ,2020-04-01 23:56:10,-5.06,31.79,65.35,65,72,0.94
432,Liverpool,GB,2020-04-01 23:52:02,53.41,-2.98,46.99,81,88,13.87
433,Padang,ID,2020-04-01 23:56:10,-0.95,100.35,79.2,74,72,2.57
434,Tromso,NO,2020-04-01 23:56:10,69.65,18.96,17.6,78,36,4.7
435,Sumbe,AO,2020-04-01 23:56:10,-11.21,13.84,76.41,87,65,2.91
436,Ribas Do Rio Pardo,BR,2020-04-01 23:56:11,-20.44,-53.76,76.01,65,40,5.26
437,Henties Bay,NA,2020-04-01 23:56:11,-22.12,14.28,59.0,94,0,1.99
438,Dutse,NG,2020-04-01 23:55:51,11.76,9.34,81.12,24,74,2.01
439,Mizdah,LY,2020-04-01 23:56:11,31.45,12.98,61.47,28,0,8.61
440,Sesheke,ZM,2020-04-01 23:56:11,-17.48,24.3,69.8,94,8,2.24
441,Rawson,AR,2020-04-01 23:56:11,-43.3,-65.1,58.87,66,0,12.75
442,Severodvinsk,RU,2020-04-01 23:54:00,64.56,39.83,26.6,92,90,4.47
443,Agadir,MA,2020-04-01 23:55:53,30.42,-9.6,59.0,77,29,10.29
444,Pangnirtung,CA,2020-04-01 23:56:12,66.15,-65.71,-11.27,74,1,1.95
445,Salinopolis,BR,2020-04-01 23:56:12,-0.61,-47.36,80.17,85,99,12.37
446,San Roque,ES,2020-04-01 23:53:08,36.21,-5.38,57.2,82,9,6.93
447,Los Llanos De Aridane,ES,2020-04-01 23:56:12,28.66,-17.92,64.4,72,50,6.93
448,Matay,EG,2020-04-01 23:56:12,28.42,30.78,64.72,41,0,8.39
449,Villablino,ES,2020-04-01 23:56:12,42.94,-6.32,52.0,100,75,5.82
450,Oistins,BB,2020-04-01 23:56:12,13.07,-59.53,78.8,74,20,16.11
451,Bar Harbor,US,2020-04-01 23:56:12,44.39,-68.2,39.0,93,90,10.29
452,Usogorsk,RU,2020-04-01 23:56:12,63.41,48.69,18.5,96,67,5.64
453,Kashi,CN,2020-04-01 23:56:12,39.45,75.98,48.2,31,40,4.47
454,Rio Gallegos,AR,2020-04-01 23:56:12,-51.62,-69.22,59.0,51,75,2.24
455,Pangody,RU,2020-04-01 23:56:13,65.85,74.49,23.45,96,100,26.4
456,Neustadt,DE,2020-04-01 23:56:13,49.71,12.09,30.99,79,1,0.81
457,Sao Felix Do Xingu,BR,2020-04-01 23:56:13,-6.64,-51.99,75.7,87,88,2.08
458,Cap Malheureux,MU,2020-04-01 23:56:13,-19.98,57.61,77.0,94,75,2.24
459,Matagami,CA,2020-04-01 23:56:13,49.75,-77.63,44.6,42,90,5.82
460,New Castle,US,2020-04-01 23:56:04,41.0,-80.35,48.2,33,1,12.75
461,Sao Gabriel Da Cachoeira,BR,2020-04-01 23:56:13,-0.13,-67.09,74.01,96,100,0.89
462,Aswan,EG,2020-04-01 23:56:13,24.09,32.91,71.6,21,3,14.99
463,Praia Da Vitoria,PT,2020-04-01 23:56:13,38.73,-27.07,57.2,87,75,33.4
464,Kemijarvi,FI,2020-04-01 23:56:13,66.71,27.43,13.26,94,11,4.83
465,Muzhi,RU,2020-04-01 23:56:14,65.37,64.67,32.79,96,100,17.78
466,Port-Gentil,GA,2020-04-01 23:56:14,-0.72,8.78,79.3,88,100,11.54
467,Wilmington,US,2020-04-01 23:51:38,34.23,-77.94,55.99,54,75,9.17
468,Tres Lagoas,BR,2020-04-01 23:54:50,-20.75,-51.68,76.26,71,23,3.71
469,Northview,US,2020-04-01 23:56:14,43.05,-85.6,48.2,75,75,9.17
470,Cockburn Town,TC,2020-04-01 23:56:14,21.46,-71.14,79.02,83,0,7.7
471,Stilfontein,ZA,2020-04-01 23:56:14,-26.84,26.77,57.74,53,77,11.86
472,Albany,US,2020-04-01 23:56:14,42.6,-73.97,48.2,34,20,10.29
473,Aksarka,RU,2020-04-01 23:56:14,66.56,67.8,27.97,97,100,19.8
474,Karlshamn,SE,2020-04-01 23:56:14,56.17,14.86,42.8,81,100,10.29
475,Grand-Santi,GF,2020-04-01 23:56:15,4.25,-54.38,74.57,94,65,2.95
476,Hurghada,EG,2020-04-01 23:56:15,27.26,33.81,68.0,32,0,6.93
477,Ouesso,CG,2020-04-01 23:56:15,1.61,16.05,73.02,84,71,2.95
478,Sao Jose Do Belmonte,BR,2020-04-01 23:56:15,-7.86,-38.76,73.2,76,15,7.49
479,Madinat Sittah Uktubar,EG,2020-04-01 23:56:15,29.82,31.05,62.6,67,40,6.93
480,Onguday,RU,2020-04-01 23:56:15,50.75,86.15,31.05,56,0,4.5
481,Dovbysh,UA,2020-04-01 23:56:15,50.37,27.99,30.96,84,55,9.19
482,Warrington,GB,2020-04-01 23:56:15,53.39,-2.58,46.99,81,79,13.87
483,Soyo,AO,2020-04-01 23:56:15,-6.13,12.37,79.57,86,94,4.03
484,Nioro,GM,2020-04-01 23:56:16,13.35,-15.75,78.51,45,3,6.04
485,Najran,SA,2020-04-01 23:56:16,17.49,44.13,75.2,33,99,3.36
486,Tuntum,BR,2020-04-01 23:56:16,-5.26,-44.65,74.66,94,100,3.09
487,Cravo Norte,CO,2020-04-01 23:56:16,6.3,-70.2,91.56,36,86,4.47
488,Haradok,BY,2020-04-01 23:56:16,55.46,29.98,34.7,86,100,10.85
489,Batouri,CM,2020-04-01 23:56:16,4.43,14.37,71.69,78,100,2.01
490,Sept-Iles,CA,2020-04-01 23:54:09,50.2,-66.38,39.2,86,90,8.05
491,Tres Arroyos,AR,2020-04-01 23:53:58,-38.37,-60.28,59.72,78,42,15.79
492,Fort-Shevchenko,KZ,2020-04-01 23:56:16,44.51,50.26,50.56,53,62,10.02
493,Contamana,PE,2020-04-01 23:56:16,-7.33,-75.02,72.81,87,98,2.42
494,Teguldet,RU,2020-04-01 23:56:16,57.31,88.17,27.07,93,36,4.14
495,Bushehr,IR,2020-04-01 23:56:17,28.97,50.84,74.25,47,90,8.9
496,Coihaique,CL,2020-04-01 23:56:17,-45.58,-72.07,53.6,76,75,2.24
497,Honningsvag,NO,2020-04-01 23:56:17,70.98,25.97,27.48,87,99,10.85
498,Cumra,TR,2020-04-01 23:56:17,37.57,32.77,44.6,87,75,3.76
499,Ondangwa,NA,2020-04-01 23:56:17,-17.92,15.95,71.6,73,1,3.36
500,Sao Mateus,BR,2020-04-01 23:56:17,-18.72,-39.86,75.78,85,45,5.39
501,Semnan,IR,2020-04-01 23:56:18,35.57,53.4,54.64,37,80,3.6
502,Lasa,IT,2020-04-01 23:56:18,46.62,10.7,30.0,79,5,1.61
503,Kudahuvadhoo,MV,2020-04-01 23:56:18,2.67,72.89,83.68,72,23,7.31
504,Gasa,PS,2020-04-01 23:56:18,31.5,34.47,57.2,82,40,3.36
505,Sabha,LY,2020-04-01 23:56:18,27.04,14.43,69.37,20,0,10.13
506,Dasoguz,TM,2020-04-01 23:56:18,41.84,59.97,48.2,70,0,4.7
507,Homa Bay,KE,2020-04-01 23:56:19,-0.53,34.46,68.18,55,5,4.34
508,Rybachiy,RU,2020-04-01 23:56:19,48.71,44.74,17.6,57,5,4.47
509,Cusuna,HN,2020-04-01 23:56:19,15.85,-85.23,78.6,74,8,9.19
510,Los Andes,CL,2020-04-01 23:56:19,-32.83,-70.6,77.0,25,29,8.05
511,Mangrul Pir,IN,2020-04-01 23:56:19,20.32,77.35,80.08,20,0,6.26
512,Ambanja,MG,2020-04-01 23:56:19,-13.68,48.45,78.8,81,69,1.14
513,Marystown,CA,2020-04-01 23:56:20,47.17,-55.15,37.67,91,73,18.66
514,Nortelandia,BR,2020-04-01 23:56:20,-14.45,-56.8,77.25,76,32,1.07
515,Abha,SA,2020-04-01 23:56:20,18.22,42.51,62.6,72,8,0.76
516,Brae,GB,2020-04-01 23:56:20,60.4,-1.35,44.6,75,98,31.09
517,Benghazi,LY,2020-04-01 23:56:20,32.12,20.07,61.92,59,65,7.43
518,Vazante,BR,2020-04-01 23:56:20,-17.99,-46.91,72.77,69,60,2.06
519,Colares,PT,2020-04-01 23:56:21,38.8,-9.45,48.2,93,20,10.29
520,Mingoyo,TZ,2020-04-01 23:56:21,-10.1,39.63,76.08,88,20,3.87
521,Muravlenko,RU,2020-04-01 23:56:21,63.79,74.52,31.87,94,100,21.85
522,Synya,RU,2020-04-01 23:56:21,65.37,58.04,21.58,96,100,12.08
523,Ati,TD,2020-04-01 23:56:21,13.22,18.34,86.65,13,66,7.87
524,Uribia,CO,2020-04-01 23:56:21,11.71,-72.27,79.97,73,58,15.01
525,Santa Teresa,VE,2020-04-01 23:56:21,10.23,-66.66,84.2,66,75,2.24
526,Guaratinga,BR,2020-04-01 23:56:21,-16.57,-39.57,80.6,83,40,4.7
527,Porto Velho,BR,2020-04-01 23:52:20,-8.76,-63.9,78.8,94,40,1.57
528,Belyy Yar,RU,2020-04-01 23:56:21,53.6,91.39,19.4,92,3,2.24
529,Mossendjo,CG,2020-04-01 23:56:22,-2.95,12.73,71.29,87,100,2.62
530,Windhoek,NA,2020-04-01 23:56:22,-22.56,17.08,68.0,63,42,6.93
531,Viransehir,TR,2020-04-01 23:56:22,37.24,39.76,46.29,67,0,3.8
532,Urshelskiy,RU,2020-04-01 23:56:22,55.68,40.22,32.61,88,97,10.67
533,Coari,BR,2020-04-01 23:56:22,-4.08,-63.14,76.06,94,82,1.28
534,Bremervorde,DE,2020-04-01 23:56:22,53.48,9.13,43.0,87,89,12.75
535,Kenscoff,HT,2020-04-01 23:56:22,18.45,-72.29,82.4,65,24,9.17
536,Afsin,TR,2020-04-01 23:56:22,38.25,36.91,38.68,53,47,1.88
537,Naron,ES,2020-04-01 23:56:23,43.52,-8.15,53.01,93,90,5.82
538,Saint-Leu,RE,2020-04-01 23:56:23,-21.15,55.28,75.2,73,20,8.05
539,Harbour Breton,CA,2020-04-01 23:56:23,47.48,-55.8,38.97,88,91,18.19
540,Ancud,CL,2020-04-01 23:56:23,-41.87,-73.82,55.4,76,20,5.82
